Recipe,Ingredient,Measure,Unit,Serving
gobi manchurian,cauliflower,1,medium,3-5
gobi manchurian,spring onion,1,bunch,3-5
gobi manchurian,gingerroot,9.85,ml,3-5
gobi manchurian,garlic,4.92,ml,3-5
gobi manchurian,cornflour,44.37,ml,3-5
gobi manchurian,plain flour,59.14,ml,3-5
gobi manchurian,red chili powder,1.23,ml,3-5
gobi manchurian,dried red chilies,2,,3-5
gobi manchurian,oil,44.37,ml,3-5
gobi manchurian,water,354.88,ml,3-5
gobi manchurian,milk,14.79,ml,3-5
flatbread,fast-rising active dry yeast,7.08,g package,6
flatbread,warm water,236.59,ml,6
flatbread,sugar,29.58,ml,6
flatbread,whole wheat flour,236.59,ml,6
flatbread,all-purpose flour,591.47-709.77,ml,6
flatbread,salt,14.79,ml,6
flatbread,water,9.85,ml,6
flatbread,olive oil,59.14,ml,6
sarson ka saag,mustard greens,750,g,4-6
sarson ka saag,spinach,250,g,4-6
sarson ka saag,gingerroot,14.79,ml,4-6
sarson ka saag,whole green chilies,6,,4-6
sarson ka saag,salt,,,4-6
sarson ka saag,oil,29.58,ml,4-6
sarson ka saag,red chile,4.92,ml,4-6
sarson ka saag,green onions,2,,4-6
sarson ka saag,coriander leaves,29.58,ml,4-6
curry vindaloo,chicken,680.38,g,4
curry vindaloo,green chilies,8,,4
curry vindaloo,garlic,8,clove,4
curry vindaloo,fresh ginger,28.34,g,4
curry vindaloo,cayenne pepper,14.79,ml,4
curry vindaloo,salt,,,4
curry vindaloo,vinegar,236.59,ml,4
curry vindaloo,oil,,,4
curry vindaloo,onions,2,,4
curry vindaloo,cumin,4.92,ml,4
curry vindaloo,coriander seed,4.92,ml,4
curry vindaloo,black peppercorns,4.92,ml,4
curry vindaloo,tomato puree,44.37,ml,4
curry vindaloo,sugar,9.85,ml,4
curry vindaloo,brandy,14.79,ml,4
curry vindaloo,tomatoes,2,,4
curry vindaloo,chili peppers,2,,4
garlic naan,bread flour,709.77,ml,
garlic naan,yeast,7.08,g,
garlic naan,warm water,236.59,ml,
garlic naan,sugar,59.14,ml,
garlic naan,salt,4.92,ml,
garlic naan,egg,1,,
garlic naan,nonfat milk,44.37,ml,
garlic naan,garlic clove,1,,
garlic naan,extra virgin olive oil,118.29,ml,
naan,bread flour,946.36,ml,4-6
naan,oil,29.58,ml,4-6
naan,low-fat plain yogurt,59.16,ml,4-6
naan,active dry yeast,14.79,ml,4-6
naan,salt,7.39,ml,4-6
naan,sugar,14.79,ml,4-6
naan,sesame seeds,29.58,ml,4-6
spicy chicken wings,chili powder,29.58,ml,6-8
spicy chicken wings,paprika,29.58,ml,6-8
spicy chicken wings,garlic powder,14.79,ml,6-8
spicy chicken wings,salt,4.92,ml,6-8
spicy chicken wings,cayenne,2.46,ml,6-8
spicy chicken wings,ground cumin,2.46,ml,6-8
spicy chicken wings,ground cloves,1.23,ml,6-8
spicy chicken wings,chicken wings,24,,6-8
chicken triangles,chicken breasts,2,,12-16
chicken triangles,cream cheese,340.19,g,12-16
chicken triangles,green onions,44.37,ml,12-16
chicken triangles,garlic cloves,2,,12-16
chicken triangles,ground cumin,4.92,ml,12-16
chicken triangles,chili powder,4.92,ml,12-16
chicken triangles,monterey jack cheese,354.88,ml,12-16
chicken triangles,salt,0.25,ml,12-16
chicken triangles,pepper,0.25,ml,12-16
chicken triangles,pita bread,6,medium,12-16
chicken korma,chicken,1360.77,g,6
chicken korma,salt,13.55,ml,6
chicken korma,yogurt,118.29,ml,6
chicken korma,water,118.29,ml,6
chicken korma,onion flakes,177.44,ml,6
chicken korma,butter,118.29,ml,6
chicken korma,ground cloves,9.85,ml,6
chicken korma,pepper,9.85,ml,6
chicken korma,cardamom,4.92,ml,6
chicken korma,cinnamon stick,1,,6
chicken korma,bay leaves,2,,6
chicken korma,ground turmeric,4.92,ml,6
chicken korma,garlic powder,3.69,ml,6
chicken korma,coriander powder,14.79,ml,6
chicken korma,ground ginger,3.69,ml,6
chicken korma,ground cumin,4.92,ml,6
chicken korma,cayenne,2.46,ml,6
chicken korma,tomato puree,118.29,ml,6
chicken korma,water,236.59,ml,6
chicken korma,cauliflower,1,head,6
chicken biryani,butter,14.79,ml,4-6
chicken biryani,onion,236.59,ml,4-6
chicken biryani,fresh ginger,14.79,ml,4-6
chicken biryani,garlic cloves,3,,4-6
chicken biryani,ground cumin,4.92,ml,4-6
chicken biryani,ground allspice,2.46,ml,4-6
chicken biryani,saffron thread,1.23,ml,4-6
chicken biryani,ground cardamom,1.23,ml,4-6
chicken biryani,chopped tomato,118.29,ml,4-6
chicken biryani,golden raisin,118.29,ml,4-6
chicken biryani,serrano chili,1,,4-6
chicken biryani,chicken thighs,680.38,g,4-6
chicken biryani,lime juice,29.58,ml,4-6
chicken biryani,salt,2.46,ml,4-6
chicken biryani,basmati rice,236.59,ml,4-6
chicken biryani,water,473.18,ml,4-6
chicken biryani,fresh cilantro,59.14,ml,4-6
onion kulcha,dry yeast,14.79,ml,4-6
onion kulcha,sugar,4.92,ml,4-6
onion kulcha,warm water,118.29,ml,4-6
onion kulcha,egg,1,large,4-6
onion kulcha,low-fat plain yogurt,118.29,ml,4-6
onion kulcha,milk,118.29,ml,4-6
onion kulcha,all-purpose flour,946.36,ml,4-6
onion kulcha,unsalted butter,59.16,ml,4-6
onion kulcha,salt,,,4-6
onion kulcha,all-purpose flour,236.59,ml,4-6
onion kulcha,water,118.29,ml,4-6
onion kulcha,butter,29.58,ml,4-6
onion kulcha,chat masala,4.92-9.85,ml,4-6
onion kulcha,onions,354.88-473.18,ml,4-6
onion kulcha,cilantro leaf,59.14,ml,4-6
chicken tikka masala,chicken breast,453.59,g,4
chicken tikka masala,mixed herbs,29.58,ml,4
chicken tikka masala,cayenne powder,4.92,ml,4
chicken tikka masala,plain yogurt,226.79,g,4
chicken tikka masala,lemon juice,14.79,ml,4
chicken tikka masala,olive oil,14.79,ml,4
chicken tikka masala,butter,113.39,g,4
chicken tikka masala,ketchup,29.58,ml,4
chicken tikka masala,honey,14.79,ml,4
chicken tikka masala,onion,59.14,ml,4
chicken tikka masala,tomatoes,59.14,ml,4
chicken tikka masala,cream,118.29,ml,4
gulab jamun,sugar,354.88,ml,20
gulab jamun,water,236.59,ml,20
gulab jamun,condensed milk,226.79,g,20
gulab jamun,cream of wheat,59.16,ml,20
gulab jamun,baking powder,19.71,ml,20
gulab jamun,flour,709.77,ml,20
gulab jamun,ghee,29.58,ml,20
gulab jamun,eggs,2,,20
gulab jamun,cardamom,4.92,ml,20
malpua,sugar,473.18,ml,6
malpua,water,236.59,ml,6
malpua,milk,354.88,ml,6
malpua,flour,236.59,ml,6
malpua,dry milk,236.59,ml,6
malpua,anise seed,4.92,ml,6
malpua,almonds,14.78,ml,6
malpua,oil,,,6
vegetable samosa,plain flour,226.79,g,
vegetable samosa,cooking oil,59.16,ml,
vegetable samosa,salt,2.46,ml,
vegetable samosa,water,,,
vegetable samosa,potatoes,4,large,
vegetable samosa,frozen peas,141.74,g,
vegetable samosa,oil,44.37,ml,
vegetable samosa,cumin,4.92,ml,
vegetable samosa,asafoetida powder,1.23,ml,
vegetable samosa,ginger,1,inch piece,
vegetable samosa,green chilies,2,,
vegetable samosa,curry powder,9.85,ml,
vegetable samosa,coriander powder,4.92,ml,
vegetable samosa,chili powder,2.46,ml,
vegetable samosa,lemon juice,14.79,ml,
vegetable samosa,cumin seed,4.92,ml,
vegetable samosa,garam masala,4.92,ml,
vegetable samosa,salt,7.39,ml,
vegetable samosa,fresh coriander leaves,1,handful,
vegetable samosa,oil,,,
chaat papri,refined flour,100,g,4-6
chaat papri,semolina,10,g,4-6
chaat papri,salt,,,4-6
chaat papri,baking powder,0.83,ml,4-6
chaat papri,oil,14.79,ml,4-6
chaat papri,oil,,,4-6
chaat papri,potato,236.59,ml,4-6
chaat papri,chickpeas,236.59,ml,4-6
chaat papri,tamarind chutney,150,g,4-6
chaat papri,chutney,60,g,4-6
chaat papri,low-fat yogurt,150,,4-6
chaat papri,chat masala,,,4-6
baingan bartha,eggplant,1,big,4
baingan bartha,onion,1,small,4
baingan bartha,onion,1,big,4
baingan bartha,tomatoes,1,big,4
baingan bartha,peas,236.59,ml,4
baingan bartha,turmeric powder,2.46,ml,4
baingan bartha,chili powder,4.92,ml,4
baingan bartha,green chilies,2,,4
baingan bartha,garam masala powder,2.46,ml,4
baingan bartha,coriander powder,2.46,ml,4
baingan bartha,cumin powder,2.46,ml,4
baingan bartha,ginger-garlic paste,14.79,ml,4
baingan bartha,salt,,,4
baingan bartha,ghee,,,4
baingan bartha,cream,44.37-59.16,ml,4
baingan bartha,coriander leaves,,,4
malai kofta curry,raisins,59.14,ml,4
malai kofta curry,oil,,,4
malai kofta curry,coriander powder,4.92,ml,4
malai kofta curry,turmeric powder,4.92,ml,4
malai kofta curry,salt,,,4
malai kofta curry,tomato puree,118.29,ml,4
malai kofta curry,red chili powder,4.92,ml,4
malai kofta curry,mawa,118.29,ml,4
malai kofta curry,fresh cream,118.29,ml,4
malai kofta curry,garam masala powder,4.92,ml,4
malai kofta curry,gravy,,g,4
malai kofta curry,onions,3,medium sized,4
malai kofta curry,oil,44.37,ml,4
malai kofta curry,ginger paste,14.79,ml,4
malai kofta curry,garlic paste,14.79,ml,4
malai kofta curry,green chilies,2,,4
malai kofta curry,potatoes,4-5,medium sized,4
malai kofta curry,cottage cheese,100,g,4
malai kofta curry,green chilies,2,,4
malai kofta curry,cornflour,59.14,ml,4
malai kofta curry,salt,,,4
chicken saag,frozen spinach,453.59,g,4
chicken saag,onion,1,,4
chicken saag,fresh gingerroot,1,inch,4
chicken saag,garlic cloves,2,,4
chicken saag,fresh green chile,1,,4
chicken saag,black peppercorns,1.23,ml,4
chicken saag,tomatoes,4,small,4
chicken saag,curry powder,29.58,ml,4
chicken saag,cayenne pepper,4.92,ml,4
chicken saag,vegetable oil,29.58,ml,4
chicken saag,bay leaves,2,,4
chicken saag,chicken,453.59-907.18,g,4
chicken saag,cream,118.29,ml,4
rice,basmati rice,236.59,ml,4
rice,chicken broth,297.66,g can,4
rice,lentil and vegetable soup,297.66,g can,4
rice,hot water,236.59,ml,4
tandoori roti,whole wheat flour,473.18,ml,4-6
tandoori roti,all-purpose flour,59.14,ml,4-6
tandoori roti,baking soda,2.46,ml,4-6
tandoori roti,ghee,29.58,ml,4-6
tandoori roti,yogurt,29.58,ml,4-6
tandoori roti,salt,,,4-6
tandoori roti,warm water,,,4-6
carrot halwa,carrot,1,kg,18
carrot halwa,milk,1500.0,ml,18
carrot halwa,sugar,400-500,g,18
carrot halwa,cardamom powder,,,18
carrot halwa,saffron,3,piece,18
carrot halwa,orange food coloring,0.19,ml,18
carrot halwa,ghee,14.79,ml,18
kadhai paneer,panir,473.18,ml,4-6
kadhai paneer,green chilies,3-4,,4-6
kadhai paneer,onion,236.59,ml,4-6
kadhai paneer,garlic paste,4.92,ml,4-6
kadhai paneer,ginger paste,4.92,ml,4-6
kadhai paneer,curds,118.29,ml,4-6
kadhai paneer,oil,59.14,ml,4-6
kadhai paneer,cumin seeds,9.85,ml,4-6
kadhai paneer,bay leaves,2,,4-6
kadhai paneer,turmeric,2.46,ml,4-6
kadhai paneer,salt,14.79,ml,4-6
kadhai paneer,garam masala,2.46,ml,4-6
kadhai paneer,dry red pepper,2.46,ml,4-6
kadhai paneer,coriander seed,14.79,ml,4-6
kadhai paneer,coriander leaves,14.79,ml,4-6
lamb karahi,boneless lamb,566.99,g,4
lamb karahi,oil,4,,4
lamb karahi,ginger paste,29.58,ml,4
lamb karahi,tomatoes,5,,4
lamb karahi,salt,9.90,ml,4
lamb karahi,chili flakes,14.79,ml,4
lamb karahi,boiling water,1000.0,ml,4
lamb karahi,fresh ginger,44.37,ml,4
lamb karahi,green chilies,29.58,ml,4
lamb karahi,coriander leaves,44.37,ml,4
aloo paratha,flour,473.18,ml,
aloo paratha,water,118.29,ml,
aloo paratha,salt,0.25,ml,
aloo paratha,oil,14.79,ml,
aloo paratha,potatoes,2,medium,
aloo paratha,salt,1.23,ml,
aloo paratha,mustard seeds,2.46,ml,
aloo paratha,onion,1,,
aloo paratha,turmeric powder,4.92,ml,
aloo paratha,green chili peppers,2,,
aloo paratha,cilantro,29.58,ml,
aloo paratha,flour,59.14,ml,
aloo paratha,oil,29.58,ml,
rasmalai,whole milk,500,ml,4-5
rasmalai,sugar,100,g,4-5
rasmalai,green cardamoms,3-4,,4-5
rasmalai,pistachios,25,g,4-5
rasmalai,saffron,1.23,ml,4-5
rasmalai,milk,15,ml,4-5
rasmalai,milk,2000.0,ml,4-5
rasmalai,lime juice,14.79,ml,4-5
rasmalai,water,800,ml,4-5
rasmalai,sugar,900,g,4-5
rasmalai,flour,20,g,4-5
rasmalai,baking powder,3.69,ml,4-5
vegetable pakora,green chili,1-2,,2-6
vegetable pakora,cilantro,14.79,ml,2-6
vegetable pakora,potatoes,1,,2-6
vegetable pakora,cauliflower,1,small,2-6
vegetable pakora,spinach leaves,236.59,ml,2-6
vegetable pakora,onions,354.88,ml,2-6
vegetable pakora,chickpea flour,236.59,ml,2-6
vegetable pakora,oil,29.58,ml,2-6
vegetable pakora,ground cumin,4.92,ml,2-6
vegetable pakora,salt,7.39,ml,2-6
vegetable pakora,water,118.29,ml,2-6
hara bhara kebabs,channa dal,29.58,ml,
hara bhara kebabs,fresh ginger,1,inch,
hara bhara kebabs,garlic cloves,2,,
hara bhara kebabs,green chilies,2,,
hara bhara kebabs,spinach,118.29,ml,
hara bhara kebabs,green peas,59.14,ml,
hara bhara kebabs,low-fat panir,59.14,ml,
hara bhara kebabs,chat masala,2.46,ml,
hara bhara kebabs,garam masala powder,1.23,ml,
hara bhara kebabs,salt,,,
hara bhara kebabs,whole wheat bread crumbs,44.37,ml,
hara bhara kebabs,olive oil,4.92,ml,
shahi paneer korma,paneer cheese,200,g,4-6
shahi paneer korma,cumin powder,4.92,ml,4-6
shahi paneer korma,onion,1,medium,4-6
shahi paneer korma,ginger paste,4.92,ml,4-6
shahi paneer korma,garlic paste,4.92,ml,4-6
shahi paneer korma,garam masala powder,9.85,ml,4-6
shahi paneer korma,turmeric powder,4.92,ml,4-6
shahi paneer korma,coriander powder,4.92,ml,4-6
shahi paneer korma,red chili powder,4.92,ml,4-6
shahi paneer korma,white pepper powder,2.46,ml,4-6
shahi paneer korma,tomato paste,226.79,g,4-6
shahi paneer korma,water,118.29,ml,4-6
shahi paneer korma,milk,118.29,ml,4-6
shahi paneer korma,salt,,,4-6
yellow dal fry,split red lentils,118.29,ml,8
yellow dal fry,toor dal,118.29,ml,8
yellow dal fry,mung dal,118.29,ml,8
yellow dal fry,channa dal,118.29,ml,8
yellow dal fry,water,946.36,ml,8
yellow dal fry,oil,29.58,ml,8
yellow dal fry,cumin seed,2.46,ml,8
yellow dal fry,hing,1.23,ml,8
yellow dal fry,onion,1,small,8
yellow dal fry,garlic cloves,5,,8
yellow dal fry,jalapeno,1,,8
yellow dal fry,gingerroot,9.85,ml,8
yellow dal fry,turmeric,2.46,ml,8
yellow dal fry,cayenne,1.23,ml,8
yellow dal fry,ground coriander,4.92,ml,8
yellow dal fry,ground cumin,4.92,ml,8
yellow dal fry,salt,4.92,ml,8
yellow dal fry,no-salt-added tomato sauce,226.79,g can,8
yellow dal fry,fresh cilantro,44.37,ml,8
yellow dal fry,lemon juice,9.85,ml,8
fish korma,ladyfingers,500,g,3
fish korma,onions,29.58,ml,3
fish korma,ginger paste,4.92,ml,3
fish korma,green chilies,2,,3
fish korma,oil,9.85,ml,3
fish korma,turmeric powder,2,g,3
fish korma,salt,,,3
fish korma,chili powder,2,g,3
fish korma,amchoor powder,2,g,3
coconut chicken curry,peanut oil,29.58,ml,4
coconut chicken curry,chicken thigh fillets,700,g,4
coconut chicken curry,onion,1,,4
coconut chicken curry,garlic cloves,3,,4
coconut chicken curry,ginger,9.85,ml,4
coconut chicken curry,coriander,9.85,ml,4
coconut chicken curry,cumin,9.85,ml,4
coconut chicken curry,turmeric,4.92,ml,4
coconut chicken curry,chili powder,2.46,ml,4
coconut chicken curry,tomatoes,3,,4
coconut chicken curry,coconut cream,236.59,ml,4
coconut chicken curry,chicken stock,118.29,ml,4
coconut chicken curry,cilantro,29.58,ml,4
coconut chicken curry,brown sugar,4.92,ml,4
butter chicken,boneless skinless chicken breasts,1133.98,g,4-6
butter chicken,tandoori paste,59.16,ml,4-6
butter chicken,plain yogurt,425.24,g,4-6
butter chicken,lemon juice,59.16,ml,4-6
butter chicken,campbell's tomato soup,73.94,ml,4-6
butter chicken,fresh ginger,44.37,ml,4-6
butter chicken,creamo,283.49,g,4-6
butter chicken,garam masala,4.92,ml,4-6
butter chicken,salt,3.69,ml,4-6
butter chicken,sugar,1.23,ml,4-6
butter chicken,red chili pepper flakes,4.92,ml,4-6
butter chicken,cayenne pepper,1.23,ml,4-6
butter chicken,dried coriander,14.79,ml,4-6
butter chicken,lemon juice,19.71,ml,4-6
butter chicken,ground cumin,4.92,ml,4-6
butter chicken,butter,113.39,g,4-6
paratha,wheat flour,473.18,ml,3-4
paratha,salt,,,3-4
paratha,oil,88.74,ml,3-4
paratha,water,,,3-4
indian fish pakoras,fish,453.59,g,2-4
indian fish pakoras,lemon juice,,,2-4
indian fish pakoras,salt,,,2-4
indian fish pakoras,garbanzo flour,177.44,ml,2-4
indian fish pakoras,cilantro leaves,29.58,ml,2-4
indian fish pakoras,green chili,1-4,,2-4
indian fish pakoras,garlic,2,clove,2-4
indian fish pakoras,ginger,9.85,ml,2-4
indian fish pakoras,red chili powder,7.39,ml,2-4
indian fish pakoras,turmeric,2.46,ml,2-4
indian fish pakoras,cumin seed,4.92,ml,2-4
indian fish pakoras,oil,,,2-4
indian fish pakoras,lemons,,,2-4
indian fish pakoras,onion,,,2-4
indian fish pakoras,chopped tomato,,,2-4
indian fish pakoras,tamarind chutney,,,2-4
indian fish pakoras,chutney,,,2-4
shrimp,shrimp,453.59,g,
shrimp,garlic,4.92,ml,
shrimp,salt,4.92,ml,
shrimp,oil,4.92,ml,
bhindi do piazza,fish,375,g,4
bhindi do piazza,low-fat plain yogurt,177.44,ml,4
bhindi do piazza,sugar,2.46,ml,4
bhindi do piazza,salt,,,4
bhindi do piazza,ghee,44.37,ml,4
bhindi do piazza,bay leaves,2,,4
bhindi do piazza,cloves,2,,4
bhindi do piazza,green cardamoms,2,,4
bhindi do piazza,cinnamon stick,1,inch,4
bhindi do piazza,onions,3,large,4
bhindi do piazza,fresh ginger,2,inch,4
bhindi do piazza,dried red chilies,3,whole,4
bhindi do piazza,onion,1,large,4
fish curry,fish fillets,907.18,g,6-8
fish curry,garlic paste,29.58,ml,6-8
fish curry,gingerroot,2,inch,6-8
fish curry,mustard seeds,24.64,ml,6-8
fish curry,bay leaves,4,,6-8
fish curry,coriander powder,7.39,ml,6-8
fish curry,shallots,5,medium,6-8
fish curry,red chilies,7,,6-8
fish curry,cumin seed,14.79,ml,6-8
fish curry,turmeric powder,14.78,ml,6-8
fish curry,salt,44.37,ml,6-8
fish curry,tomatoes,2,big,6-8
fish curry,oil,,,6-8
fish curry,water,709.77,ml,6-8
kheer,basmati rice,118.29,ml,2
kheer,water,473.18,ml,2
kheer,milk,1892.0,ml,2
kheer,green cardamom pods,5,,2
kheer,sugar,295.73,ml,2
kheer,blanched slivered almond,59.14,ml,2
kheer,ground cardamom,2.46,ml,2
kheer,ground nutmeg,1.23,ml,2
kheer,rose water,14.79,ml,2
crispy chicken sliders,boneless skinless chicken breasts,2,,
crispy chicken sliders,shortening,59.14,ml,
crispy chicken sliders,panko breadcrumbs,473.18,ml,
crispy chicken sliders,provolone cheese,3,slice,
crispy chicken sliders,dinner rolls,8,,
crispy chicken sliders,seasoning salt,7.39,ml,
crispy chicken sliders,onion powder,3.69,ml,
crispy chicken sliders,garlic powder,2.46,ml,
crispy chicken sliders,white pepper,1.23,ml,
crispy chicken sliders,eggs,2,large,
crispy chicken sliders,Crystal hot sauce,1.23,ml,
spicy chicken bites,canola oil,354.88,ml,6-8
spicy chicken bites,chicken tenders,453.59,g,6-8
spicy chicken bites,hot sauce,39.43,ml,6-8
spicy chicken bites,pancake mix,709.77,ml,6-8
spicy chicken bites,water,295.73,ml,6-8
spicy chicken bites,salt,,,6-8
chicken rice bowl,teriyaki marinade,118.29,ml,4
chicken rice bowl,sugar,29.58,ml,4
chicken rice bowl,boneless skinless chicken breasts,680.38,g,4
chicken rice bowl,cornstarch,9.85,ml,4
chicken rice bowl,vegetable oil,29.58,ml,4
chicken rice bowl,cooked rice,,,4
chicken rice bowl,vegetables,,,4
spinach naan,fresh corn kernels,236.59,ml,6
spinach naan,cooking spray,,,6
spinach naan,salt and pepper,0.59,ml,6
spinach naan,boneless chicken thighs,5,,6
spinach naan,tandoori masala,12.32,ml,6
spinach naan,mayonnaise,118.29,ml,6
spinach naan,A.1. Original Sauce,29.58,ml,6
spinach naan,scallion,1,medium,6
spinach naan,naan bread,6,whole,6
spinach naan,baby spinach leaves,141.74,g,6
