Recipe,Ingredient,Quantity,Serving,Recipe Weight,Portion per Serving,Norm Quantity,Valid Norm,New Quantity
gobi manchurian,cauliflower,588.0,3.0,1086.19,362.06333333333333,0.5413417542050654,0.9999999999999999,196.0
gobi manchurian,spring onion,25.0,3.0,1086.19,362.06333333333333,0.023016231046133734,0.9999999999999999,8.333
gobi manchurian,ginger root,4.53,3.0,1086.19,362.06333333333333,0.004170541065559433,0.9999999999999999,1.51
gobi manchurian,garlic,2.8,3.0,1086.19,362.06333333333333,0.002577817877166978,0.9999999999999999,0.933
gobi manchurian,corn flour,21.74,3.0,1086.19,362.06333333333333,0.02001491451771789,0.9999999999999999,7.247
gobi manchurian,all purpose flour,31.34,3.0,1086.19,362.06333333333333,0.028853147239433247,0.9999999999999999,10.447
gobi manchurian,red chili powder,0.7,3.0,1086.19,362.06333333333333,0.0006444544692917445,0.9999999999999999,0.233
gobi manchurian,dried red chilies,1.0,3.0,1086.19,362.06333333333333,0.0009206492418453492,0.9999999999999999,0.333
gobi manchurian,oil,40.82,3.0,1086.19,362.06333333333333,0.037580902052127156,0.9999999999999999,13.607
gobi manchurian,water,354.88,3.0,1086.19,362.06333333333333,0.32672000294607756,0.9999999999999999,118.293
gobi manchurian,milk,15.38,3.0,1086.19,362.06333333333333,0.014159585339581473,0.9999999999999999,5.127
flatbread,dry yeast,49.56,6.0,813.69,135.615,0.06090771669800538,1.0,8.26
flatbread,warm water,224.76,6.0,813.69,135.615,0.27622313165947715,1.0,37.46
flatbread,sugar,25.14,6.0,813.69,135.615,0.030896287283855028,1.0,4.19
flatbread,whole wheat flour,120.66,6.0,813.69,135.615,0.1482874313313424,1.0,20.11
flatbread,all purpose flour,313.48,6.0,813.69,135.615,0.3852572847153093,1.0,52.247
flatbread,salt,16.42,6.0,813.69,135.615,0.020179675306320588,1.0,2.737
flatbread,water,9.85,6.0,813.69,135.615,0.012105347245265395,1.0,1.642
flatbread,olive oil,53.82,6.0,813.69,135.615,0.06614312576042473,1.0,8.97
sarson ka saag,mustard greens,750.0,4.0,1083.0,270.75,0.6925207756232687,1.0,187.5
sarson ka saag,spinach,250.0,4.0,1083.0,270.75,0.23084025854108955,1.0,62.5
sarson ka saag,ginger root,6.8,4.0,1083.0,270.75,0.006278855032317636,1.0,1.7
sarson ka saag,whole green chilies,24.0,4.0,1083.0,270.75,0.0221606648199446,1.0,6.0
sarson ka saag,salt,6.92,4.0,1083.0,270.75,0.0063896583564173595,1.0,1.73
sarson ka saag,oil,27.21,4.0,1083.0,270.75,0.025124653739612188,1.0,6.802
sarson ka saag,red chile,6.0,4.0,1083.0,270.75,0.00554016620498615,1.0,1.5
sarson ka saag,green onion,10.0,4.0,1083.0,270.75,0.009233610341643583,1.0,2.5
sarson ka saag,coriander leaves,2.07,4.0,1083.0,270.75,0.0019113573407202214,1.0,0.518
curry vindaloo,chicken,680.38,4.0,2372.04,593.01,0.2868332743124062,1.0,170.095
curry vindaloo,green chilies,32.0,4.0,2372.04,593.01,0.013490497630731353,1.0,8.0
curry vindaloo,garlic,24.0,4.0,2372.04,593.01,0.010117873223048515,1.0,6.0
curry vindaloo,fresh ginger root,28.34,4.0,2372.04,593.01,0.011947521964216456,1.0,7.085
curry vindaloo,cayenne pepper,5.32,4.0,2372.04,593.01,0.0022427952311090877,1.0,1.33
curry vindaloo,salt,6.92,4.0,2372.04,593.01,0.002917320112645655,1.0,1.73
curry vindaloo,vinegar,238.96,4.0,2372.04,593.01,0.10074029105748639,1.0,59.74
curry vindaloo,onion,140.0,4.0,2372.04,593.01,0.059020927134449674,1.0,35.0
curry vindaloo,cumin,2.07,4.0,2372.04,593.01,0.0008726665654879344,1.0,0.518
curry vindaloo,coriander seed,1.72,4.0,2372.04,593.01,0.0007251142476518102,1.0,0.43
curry vindaloo,black peppercorns,3.99,4.0,2372.04,593.01,0.0016820964233318157,1.0,0.998
curry vindaloo,tomato puree,47.03,4.0,2372.04,593.01,0.019826815736665487,1.0,11.758
curry vindaloo,sugar,8.37,4.0,2372.04,593.01,0.0035286082865381694,1.0,2.092
curry vindaloo,brandy,10.94,4.0,2372.04,593.01,0.004612063877506282,1.0,2.735
curry vindaloo,tomato,182.0,4.0,2372.04,593.01,0.07672720527478458,1.0,45.5
curry vindaloo,chili pepper,960.0,4.0,2372.04,593.01,0.4047149289219406,1.0,240.0
garlic naan,bread flour,361.98,6.0,808.61,134.76833333333335,0.4476570905628177,1.0,60.33
garlic naan,yeast,7.08,6.0,808.61,134.76833333333335,0.008755766067696418,1.0,1.18
garlic naan,warm water,224.76,6.0,808.61,134.76833333333335,0.27795847194568457,1.0,37.46
garlic naan,sugar,50.27,6.0,808.61,134.76833333333335,0.06216841246088968,1.0,8.378
garlic naan,salt,5.46,6.0,808.61,134.76833333333335,0.006752328069155712,1.0,0.91
garlic naan,egg,38.0,6.0,808.61,134.76833333333335,0.046994224657127666,1.0,6.333
garlic naan,nonfat milk,12.42,6.0,808.61,134.76833333333335,0.01535969132214541,1.0,2.07
garlic naan,garlic clove,1.0,6.0,808.61,134.76833333333335,0.001236690122555991,1.0,0.167
garlic naan,extra virgin olive oil,107.64,6.0,808.61,134.76833333333335,0.1331173247919269,1.0,17.94
naan,bread flour,482.64,4.0,615.36,153.84,0.7843213728549142,1.0,120.66
naan,oil,27.21,4.0,615.36,153.84,0.04421801872074883,1.0,6.803
naan,low-fat plain yogurt,56.79,4.0,615.36,153.84,0.0922874414976599,1.0,14.198
naan,dry yeast,11.98,4.0,615.36,153.84,0.019468278731149247,1.0,2.995
naan,salt,8.2,4.0,615.36,153.84,0.013325533021320852,1.0,2.05
naan,sugar,12.57,4.0,615.36,153.84,0.020427067082683308,1.0,3.142
naan,sesame seed,15.97,4.0,615.36,153.84,0.02595228809152366,1.0,3.992
spicy chicken wings,chili powder,15.97,6.0,1270.97,211.82833333333335,0.012565206102425707,1.0,2.662
spicy chicken wings,paprika,13.61,6.0,1270.97,211.82833333333335,0.010708356609518714,1.0,2.268
spicy chicken wings,garlic powder,9.47,6.0,1270.97,211.82833333333335,0.007451001990605601,1.0,1.578
spicy chicken wings,salt,5.46,6.0,1270.97,211.82833333333335,0.004295931453928889,1.0,0.91
spicy chicken wings,cayenne pepper,0.89,6.0,1270.97,211.82833333333335,0.0007002525630030607,1.0,0.148
spicy chicken wings,ground cumin,1.03,6.0,1270.97,211.82833333333335,0.0008104046515653399,1.0,0.172
spicy chicken wings,ground clove,0.54,6.0,1270.97,211.82833333333335,0.00042487234159736267,1.0,0.09
spicy chicken wings,chicken wing,1224.0,6.0,1270.97,211.82833333333335,0.9630439742873553,1.0,204.0
chicken triangles,chicken breast,378.0,12.0,1270.28,105.85666666666667,0.29757218880876657,1.0,31.5
chicken triangles,cream cheese,340.19,12.0,1270.28,105.85666666666667,0.2678070976477627,1.0,28.349
chicken triangles,green onion,18.19,12.0,1270.28,105.85666666666667,0.01431967755140599,1.0,1.516
chicken triangles,garlic clove,2.0,12.0,1270.28,105.85666666666667,0.0015744560254432095,1.0,0.167
chicken triangles,ground cumin,2.07,12.0,1270.28,105.85666666666667,0.0016295619863337216,1.0,0.172
chicken triangles,chili powder,2.66,12.0,1270.28,105.85666666666667,0.0020940265138394685,1.0,0.222
chicken triangles,monterey jack cheese,166.79,12.0,1270.28,105.85666666666667,0.13130176024183643,1.0,13.899
chicken triangles,salt,0.28,12.0,1270.28,105.85666666666667,0.00022042384356204934,1.0,0.023
chicken triangles,pepper,0.1,12.0,1270.28,105.85666666666667,7.872280127216048e-05,1.0,0.008
chicken triangles,pita bread,360.0,12.0,1270.28,105.85666666666667,0.28340208457977767,1.0,30.0
chicken korma,chicken,1360.77,6.0,2735.71,455.95166666666665,0.4974101787104627,1.0,226.795
chicken korma,salt,15.04,6.0,2735.71,455.95166666666665,0.005497658743068527,1.0,2.507
chicken korma,yogurt,123.02,6.0,2735.71,455.95166666666665,0.044968216660391636,1.0,20.503
chicken korma,water,118.29,6.0,2735.71,455.95166666666665,0.04323923222856224,1.0,19.715
chicken korma,onion flakes,56.78,6.0,2735.71,455.95166666666665,0.02075512389836642,1.0,9.463
chicken korma,butter,107.64,6.0,2735.71,455.95166666666665,0.03934627573829098,1.0,17.94
chicken korma,ground clove,4.33,6.0,2735.71,455.95166666666665,0.001582770103556298,1.0,0.722
chicken korma,pepper,4.14,6.0,2735.71,455.95166666666665,0.0015133182976265758,1.0,0.69
chicken korma,cardamom,1.97,6.0,2735.71,455.95166666666665,0.0007201055667450132,1.0,0.328
chicken korma,cinnamon stick,1.3,6.0,2735.71,455.95166666666665,0.00047519656688757214,1.0,0.217
chicken korma,bay leaf,0.4,6.0,2735.71,455.95166666666665,0.00014621432827309914,1.0,0.067
chicken korma,ground turmeric,3.05,6.0,2735.71,455.95166666666665,0.0011148842530823808,1.0,0.508
chicken korma,garlic powder,2.36,6.0,2735.71,455.95166666666665,0.0008626645368112847,1.0,0.393
chicken korma,coriander powder,6.06,6.0,2735.71,455.95166666666665,0.0022151470733374513,1.0,1.01
chicken korma,ground ginger root,1.29,6.0,2735.71,455.95166666666665,0.0004715412086807447,1.0,0.215
chicken korma,ground cumin,2.07,6.0,2735.71,455.95166666666665,0.0007566591488132879,1.0,0.345
chicken korma,cayenne pepper,0.89,6.0,2735.71,455.95166666666665,0.00032532688040764557,1.0,0.148
chicken korma,tomato puree,125.39,6.0,2735.71,455.95166666666665,0.04583453655540975,1.0,20.898
chicken korma,water,236.59,6.0,2735.71,455.95166666666665,0.0864821198153313,1.0,39.432
chicken korma,cauliflower,564.33,6.0,2735.71,455.95166666666665,0.2062828296858951,1.0,94.055
chicken biryani,butter,13.46,4.0,1756.6200000000001,439.15500000000003,0.007662442645535176,1.0,3.365
chicken biryani,onion,144.32,4.0,1756.6200000000001,439.15500000000003,0.08215778028258815,1.0,36.08
chicken biryani,fresh ginger root,6.8,4.0,1756.6200000000001,439.15500000000003,0.0038710705787250513,1.0,1.7
chicken biryani,garlic clove,3.0,4.0,1756.6200000000001,439.15500000000003,0.0017078252553198755,1.0,0.75
chicken biryani,ground cumin,2.07,4.0,1756.6200000000001,439.15500000000003,0.001178399426170714,1.0,0.518
chicken biryani,ground allspice,0.98,4.0,1756.6200000000001,439.15500000000003,0.0005578895834044927,1.0,0.245
chicken biryani,saffron,0.2,4.0,1756.6200000000001,439.15500000000003,0.00011385501702132504,1.0,0.05
chicken biryani,ground cardamom,0.5,4.0,1756.6200000000001,439.15500000000003,0.00028463754255331257,1.0,0.125
chicken biryani,chopped tomato,125.39,4.0,1756.6200000000001,439.15500000000003,0.07138140292151973,1.0,31.348
chicken biryani,raisin,78.07,4.0,1756.6200000000001,439.15500000000003,0.044443305894274227,1.0,19.518
chicken biryani,serrano pepper,6.1,4.0,1756.6200000000001,439.15500000000003,0.0034725780191504135,1.0,1.525
chicken biryani,chicken thighs,680.38,4.0,1756.6200000000001,439.15500000000003,0.38732338240484565,1.0,170.095
chicken biryani,lime juice,30.76,4.0,1756.6200000000001,439.15500000000003,0.01751090161787979,1.0,7.69
chicken biryani,salt,2.73,4.0,1756.6200000000001,439.15500000000003,0.0015541209823410867,1.0,0.682
chicken biryani,basmati rice,184.54,4.0,1756.6200000000001,439.15500000000003,0.10505402420557661,1.0,46.135
chicken biryani,water,473.18,4.0,1756.6200000000001,439.15500000000003,0.2693695847707529,1.0,118.295
chicken biryani,fresh cilantro,4.14,4.0,1756.6200000000001,439.15500000000003,0.002356798852341428,1.0,1.035
onion kulcha,dry yeast,11.98,4.0,1473.59,368.3975,0.008129805441133559,1.0000000000000002,2.995
onion kulcha,sugar,4.18,4.0,1473.59,368.3975,0.002836609911847936,1.0000000000000002,1.045
onion kulcha,warm water,112.38,4.0,1473.59,368.3975,0.07626273251039978,1.0000000000000002,28.095
onion kulcha,egg,50.0,4.0,1473.59,368.3975,0.033930740572343736,1.0000000000000002,12.5
onion kulcha,low-fat plain yogurt,113.56,4.0,1473.59,368.3975,0.07706349798790708,1.0000000000000002,28.39
onion kulcha,milk,123.02,4.0,1473.59,368.3975,0.08348319410419452,1.0000000000000002,30.755
onion kulcha,all purpose flour,501.57,4.0,1473.59,368.3975,0.34037283097740895,1.0000000000000002,125.393
onion kulcha,unsalted butter,56.2,4.0,1473.59,368.3975,0.038138152403314356,1.0000000000000002,14.05
onion kulcha,salt,6.92,4.0,1473.59,368.3975,0.004696014495212373,1.0000000000000002,1.73
onion kulcha,all purpose flour,125.39,4.0,1473.59,368.3975,0.08509151120732361,1.0000000000000002,31.347
onion kulcha,water,118.29,4.0,1473.59,368.3975,0.08027334604605081,1.0000000000000002,29.572
onion kulcha,butter,26.92,4.0,1473.59,368.3975,0.018268310724149868,1.0000000000000002,6.73
onion kulcha,chat masala,2.56,4.0,1473.59,368.3975,0.0017372539173039993,1.0000000000000002,0.64
onion kulcha,onion,216.48,4.0,1473.59,368.3975,0.14690653438201942,1.0000000000000002,54.12
onion kulcha,cilantro,4.14,4.0,1473.59,368.3975,0.002809465319390061,1.0000000000000002,1.035
chicken tikka masala,chicken breast,453.59,4.0,1087.21,271.8025,0.41720550767561,0.9999999999999999,113.398
chicken tikka masala,mixed herbs,12.13,4.0,1087.21,271.8025,0.011156998188022554,0.9999999999999999,3.032
chicken tikka masala,cayenne pepper powder,2.71,4.0,1087.21,271.8025,0.0024926187213141896,0.9999999999999999,0.678
chicken tikka masala,plain yogurt,226.79,4.0,1087.21,271.8025,0.20859815491027492,0.9999999999999999,56.698
chicken tikka masala,lemon juice,15.09,4.0,1087.21,271.8025,0.013879563285841742,0.9999999999999999,3.772
chicken tikka masala,olive oil,13.46,4.0,1087.21,271.8025,0.012380312911029149,0.9999999999999999,3.365
chicken tikka masala,butter,113.39,4.0,1087.21,271.8025,0.10429447852760736,0.9999999999999999,28.348
chicken tikka masala,ketchup,31.95,4.0,1087.21,271.8025,0.029387146917338874,0.9999999999999999,7.988
chicken tikka masala,honey,21.15,4.0,1087.21,271.8025,0.019453463452322916,0.9999999999999999,5.288
chicken tikka masala,onion,36.08,4.0,1087.21,271.8025,0.033185861057201456,0.9999999999999999,9.02
chicken tikka masala,tomato,41.4,4.0,1087.21,271.8025,0.03807911994922784,0.9999999999999999,10.35
chicken tikka masala,cream,119.47,4.0,1087.21,271.8025,0.10988677440420894,0.9999999999999999,29.868
gulab jamun,sugar,301.65,20.0,1307.02,65.351,0.23079218374623187,1.0,15.082
gulab jamun,water,236.59,20.0,1307.02,65.351,0.18101482762314272,1.0,11.83
gulab jamun,condensed milk,226.79,20.0,1307.02,65.351,0.17351685513611115,1.0,11.34
gulab jamun,cream of wheat,43.78,20.0,1307.02,65.351,0.033496044436963475,1.0,2.189
gulab jamun,baking powder,18.33,20.0,1307.02,65.351,0.014024268947682514,1.0,0.916
gulab jamun,flour,376.18,20.0,1307.02,65.351,0.28781502960934036,1.0,18.809
gulab jamun,ghee,25.73,20.0,1307.02,65.351,0.01968600327462472,1.0,1.286
gulab jamun,egg,76.0,20.0,1307.02,65.351,0.05814754173616318,1.0,3.8
gulab jamun,cardamom,1.97,20.0,1307.02,65.351,0.0015072454897400193,1.0,0.098
malpua,sugar,402.2,6.0,1210.29,201.715,0.33231704798023615,1.0,67.033
malpua,water,236.59,6.0,1210.29,201.715,0.19548207454411753,1.0,39.432
malpua,milk,369.08,6.0,1210.29,201.715,0.3049517057895215,1.0,61.513
malpua,flour,125.39,6.0,1210.29,201.715,0.103603268638095,1.0,20.898
malpua,dry milk,66.25,6.0,1210.29,201.715,0.05473894686397475,1.0,11.042
malpua,anise seed,2.16,6.0,1210.29,201.715,0.0017846962298292146,1.0,0.36
malpua,almonds,8.62,6.0,1210.29,201.715,0.0071222599542258465,1.0,1.437
vegetable samosa,all purpose flour,226.79,5.0,2304.02,460.804,0.09843230527512782,0.9999999999999999,45.358
vegetable samosa,cooking oil,54.43,5.0,2304.02,460.804,0.02362392687563476,0.9999999999999999,10.886
vegetable samosa,salt,2.73,5.0,2304.02,460.804,0.001184885547868508,0.9999999999999999,0.546
vegetable samosa,water,288.4,5.0,2304.02,460.804,0.12517252454405778,0.9999999999999999,57.68
vegetable samosa,potato,1476.0,5.0,2304.02,460.804,0.6406194390673692,0.9999999999999999,295.2
vegetable samosa,frozen peas,141.74,5.0,2304.02,460.804,0.061518563206916614,0.9999999999999999,28.348
vegetable samosa,oil,40.82,5.0,2304.02,460.804,0.01771686009670055,0.9999999999999999,8.164
vegetable samosa,cumin,2.07,5.0,2304.02,460.804,0.0008984297011310665,0.9999999999999999,0.414
vegetable samosa,asafoetida powder,0.78,5.0,2304.02,460.804,0.0003385387279624309,0.9999999999999999,0.156
vegetable samosa,ginger root,12.0,5.0,2304.02,460.804,0.0052082881224989365,0.9999999999999999,2.4
vegetable samosa,green chilies,8.0,5.0,2304.02,460.804,0.0034721920816659577,0.9999999999999999,1.6
vegetable samosa,curry powder,4.14,5.0,2304.02,460.804,0.001796859402262133,0.9999999999999999,0.828
vegetable samosa,coriander powder,2.02,5.0,2304.02,460.804,0.0008767285006206543,0.9999999999999999,0.404
vegetable samosa,chili powder,1.33,5.0,2304.02,460.804,0.0005772519335769655,0.9999999999999999,0.266
vegetable samosa,lemon juice,15.09,5.0,2304.02,460.804,0.006549422314042413,0.9999999999999999,3.018
vegetable samosa,cumin seed,2.07,5.0,2304.02,460.804,0.0008984297011310665,0.9999999999999999,0.414
vegetable samosa,garam masala,2.41,5.0,2304.02,460.804,0.0010459978646018698,0.9999999999999999,0.482
vegetable samosa,salt,8.2,5.0,2304.02,460.804,0.0035589968837076063,0.9999999999999999,1.64
vegetable samosa,cilantro,15.0,5.0,2304.02,460.804,0.006510360153123671,0.9999999999999999,3.0
chaat papri,refined flour,100.0,4.0,26253.16,6563.29,0.003809065270618851,1.0,25.0
chaat papri,semolina,10.0,4.0,26253.16,6563.29,0.0003809065270618851,1.0,2.5
chaat papri,salt,6.92,4.0,26253.16,6563.29,0.0002635873167268245,1.0,1.73
chaat papri,baking powder,0.77,4.0,26253.16,6563.29,2.9329802583765157e-05,1.0,0.192
chaat papri,oil,13.61,4.0,26253.16,6563.29,0.0005184137833312256,1.0,3.402
chaat papri,potato,149.05,4.0,26253.16,6563.29,0.0056774117858573985,1.0,37.262
chaat papri,chickpeas,260.25,4.0,26253.16,6563.29,0.00991309236678556,1.0,65.062
chaat papri,tamarind chutney,150.0,4.0,26253.16,6563.29,0.005713597905928277,1.0,37.5
chaat papri,chutney,60.0,4.0,26253.16,6563.29,0.0022854391623713106,1.0,15.0
chaat papri,low-fat yogurt,25500.0,4.0,26253.16,6563.29,0.9713116440078071,1.0,6375.0
chaat papri,chat masala,2.56,4.0,26253.16,6563.29,9.751207092784259e-05,1.0,0.64
baingan bartha,eggplant,220.0,4.0,811.05,202.7625,0.2712533136058196,1.0,55.0
baingan bartha,onion,70.0,4.0,811.05,202.7625,0.08630787251094262,1.0,17.5
baingan bartha,onion,160.0,4.0,811.05,202.7625,0.19727513716786882,1.0,40.0
baingan bartha,tomato,123.0,4.0,811.05,202.7625,0.15165526169779917,1.0,30.75
baingan bartha,peas,144.32,4.0,811.05,202.7625,0.17794217372541768,1.0,36.08
baingan bartha,turmeric powder,1.01,4.0,811.05,202.7625,0.001245299303372172,1.0,0.252
baingan bartha,chili powder,2.66,4.0,811.05,202.7625,0.003279699155415819,1.0,0.665
baingan bartha,green chilies,8.0,4.0,811.05,202.7625,0.009863756858393441,1.0,2.0
baingan bartha,garam masala powder,1.3,4.0,811.05,202.7625,0.0016028604894889342,1.0,0.325
baingan bartha,coriander powder,1.01,4.0,811.05,202.7625,0.001245299303372172,1.0,0.252
baingan bartha,cumin powder,1.01,4.0,811.05,202.7625,0.001245299303372172,1.0,0.252
baingan bartha,ginger garlic paste,15.97,4.0,811.05,202.7625,0.019690524628567907,1.0,3.992
baingan bartha,salt,6.92,4.0,811.05,202.7625,0.008532149682510327,1.0,1.73
baingan bartha,ghee,8.96,4.0,811.05,202.7625,0.011047407681400655,1.0,2.24
baingan bartha,cream,44.81,4.0,811.05,202.7625,0.05524936810307626,1.0,11.202
baingan bartha,coriander leaves,2.08,4.0,811.05,202.7625,0.002564576783182295,1.0,0.52
malai kofta curry,raisin,39.03,4.0,1871.3600000000001,467.84000000000003,0.020856489398084814,1.0,9.758
malai kofta curry,coriander powder,2.02,4.0,1871.3600000000001,467.84000000000003,0.0010794288645690833,1.0,0.505
malai kofta curry,turmeric powder,2.02,4.0,1871.3600000000001,467.84000000000003,0.0010794288645690833,1.0,0.505
malai kofta curry,salt,6.92,4.0,1871.3600000000001,467.84000000000003,0.003697845417236662,1.0,1.73
malai kofta curry,tomato puree,125.39,4.0,1871.3600000000001,467.84000000000003,0.0670047452120383,1.0,31.347
malai kofta curry,red chili powder,2.8,4.0,1871.3600000000001,467.84000000000003,0.001496238030095759,1.0,0.7
malai kofta curry,mawa,153.78,4.0,1871.3600000000001,467.84000000000003,0.08217553009575923,1.0,38.445
malai kofta curry,fresh cream,113.56,4.0,1871.3600000000001,467.84000000000003,0.06068313953488372,1.0,28.39
malai kofta curry,garam masala powder,2.6,4.0,1871.3600000000001,467.84000000000003,0.0013893638850889193,1.0,0.65
malai kofta curry,gravy,14.5,4.0,1871.3600000000001,467.84000000000003,0.007748375512995896,1.0,3.625
malai kofta curry,onion,330.0,4.0,1871.3600000000001,467.84000000000003,0.1763423392612859,1.0,82.5
malai kofta curry,oil,40.82,4.0,1871.3600000000001,467.84000000000003,0.021813012995896032,1.0,10.205
malai kofta curry,ginger root paste,19.97,4.0,1871.3600000000001,467.84000000000003,0.010671383378932968,1.0,4.992
malai kofta curry,garlic paste,14.05,4.0,1871.3600000000001,467.84000000000003,0.007507908686730506,1.0,3.512
malai kofta curry,green chilies,8.0,4.0,1871.3600000000001,467.84000000000003,0.004274965800273598,1.0,2.0
malai kofta curry,potato,852.0,4.0,1871.3600000000001,467.84000000000003,0.45528385772913815,1.0,213.0
malai kofta curry,cottage cheese,100.0,4.0,1871.3600000000001,467.84000000000003,0.05343707250341997,1.0,25.0
malai kofta curry,green chilies,8.0,4.0,1871.3600000000001,467.84000000000003,0.004274965800273598,1.0,2.0
malai kofta curry,corn flour,28.98,4.0,1871.3600000000001,467.84000000000003,0.015486063611491107,1.0,7.245
malai kofta curry,salt,6.92,4.0,1871.3600000000001,467.84000000000003,0.003697845417236662,1.0,1.73
chicken saag,frozen spinach,453.59,4.0,1511.45,377.8625,0.3001025505309471,1.0,113.398
chicken saag,onion,70.0,4.0,1511.45,377.8625,0.046313143008369445,1.0,17.5
chicken saag,fresh ginger root,2.0,4.0,1511.45,377.8625,0.001323232657381984,1.0,0.5
chicken saag,garlic clove,2.0,4.0,1511.45,377.8625,0.001323232657381984,1.0,0.5
chicken saag,fresh green chile,4.0,4.0,1511.45,377.8625,0.002646465314763968,1.0,1.0
chicken saag,black peppercorns,1.0,4.0,1511.45,377.8625,0.000661616328690992,1.0,0.25
chicken saag,tomato,364.0,4.0,1511.45,377.8625,0.24082834364352113,1.0,91.0
chicken saag,curry powder,12.42,4.0,1511.45,377.8625,0.008217274802342122,1.0,3.105
chicken saag,cayenne pepper,1.77,4.0,1511.45,377.8625,0.001171060901783056,1.0,0.442
chicken saag,vegetable oil,27.21,4.0,1511.45,377.8625,0.018002580303681896,1.0,6.803
chicken saag,bay leaf,0.4,4.0,1511.45,377.8625,0.00026464653147639686,1.0,0.1
chicken saag,chicken,453.59,4.0,1511.45,377.8625,0.3001025505309471,1.0,113.398
chicken saag,cream,119.47,4.0,1511.45,377.8625,0.07904330278871283,1.0,29.868
rice,basmati rice,184.54,4.0,208175.97999999998,52043.994999999995,0.0008864615408559624,1.0,46.135
rice,chicken broth,88702.68,4.0,208175.97999999998,52043.994999999995,0.42609469161619895,1.0,22175.67
rice,lentil and vegetable soup,119064.0,4.0,208175.97999999998,52043.994999999995,0.5719391833774483,1.0,29766.0
rice,hot water,224.76,4.0,208175.97999999998,52043.994999999995,0.001079663465496836,1.0,56.19
tandoori roti,whole wheat flour,241.32,4.0,478.84,119.71,0.5039679224793251,1.0,60.33
tandoori roti,all purpose flour,31.34,4.0,478.84,119.71,0.06544983710634032,1.0,7.835
tandoori roti,baking soda,2.29,4.0,478.84,119.71,0.0047823907777128066,1.0,0.572
tandoori roti,ghee,25.73,4.0,478.84,119.71,0.05373402389107009,1.0,6.432
tandoori roti,yogurt,30.76,4.0,478.84,119.71,0.06423857656002005,1.0,7.69
tandoori roti,salt,6.92,4.0,478.84,119.71,0.014451591345752236,1.0,1.73
tandoori roti,warm water,140.48,4.0,478.84,119.71,0.2933756578397795,1.0,35.12
carrot halwa,carrot,1000.0,18.0,2976.49,165.36055555555555,0.3359661883628032,1.0,55.556
carrot halwa,milk,1560.0,18.0,2976.49,165.36055555555555,0.524107253845973,1.0,86.667
carrot halwa,sugar,400.0,18.0,2976.49,165.36055555555555,0.13438647534512127,1.0,22.222
carrot halwa,cardamom powder,2.0,18.0,2976.49,165.36055555555555,0.0006719323767256064,1.0,0.111
carrot halwa,saffron,1.5,18.0,2976.49,165.36055555555555,0.0005039492825442048,1.0,0.083
carrot halwa,food coloring,0.12,18.0,2976.49,165.36055555555555,4.031594260353638e-05,1.0,0.007
carrot halwa,ghee,12.87,18.0,2976.49,165.36055555555555,0.004323884844229277,1.0,0.715
kadhai paneer,panir,421.13,4.0,788.0,197.0,0.5344289340101522,1.0,105.282
kadhai paneer,green chilies,12.0,4.0,788.0,197.0,0.015228426395939087,1.0,3.0
kadhai paneer,onion,144.32,4.0,788.0,197.0,0.18314720812182742,1.0,36.08
kadhai paneer,garlic paste,4.67,4.0,788.0,197.0,0.005926395939086294,1.0,1.168
kadhai paneer,ginger root paste,6.64,4.0,788.0,197.0,0.008426395939086295,1.0,1.66
kadhai paneer,curds,113.56,4.0,788.0,197.0,0.14411167512690357,1.0,28.39
kadhai paneer,oil,54.41,4.0,788.0,197.0,0.0690482233502538,1.0,13.602
kadhai paneer,cumin seed,4.14,4.0,788.0,197.0,0.005253807106598984,1.0,1.035
kadhai paneer,bay leaf,0.4,4.0,788.0,197.0,0.0005076142131979696,1.0,0.1
kadhai paneer,turmeric,1.53,4.0,788.0,197.0,0.0019416243654822335,1.0,0.382
kadhai paneer,salt,16.42,4.0,788.0,197.0,0.02083756345177665,1.0,4.105
kadhai paneer,garam masala,1.21,4.0,788.0,197.0,0.0015355329949238578,1.0,0.302
kadhai paneer,dry red pepper,1.35,4.0,788.0,197.0,0.0017131979695431472,1.0,0.338
kadhai paneer,coriander seed,5.18,4.0,788.0,197.0,0.006573604060913705,1.0,1.295
kadhai paneer,coriander leaves,1.04,4.0,788.0,197.0,0.0013197969543147208,1.0,0.26
lamb karahi,boneless lamb,566.99,4.0,2125.72,531.43,0.26672844965470527,1.0000000000000002,141.748
lamb karahi,oil,3.8,4.0,2125.72,531.43,0.0017876296031462283,1.0000000000000002,0.95
lamb karahi,ginger root paste,39.93,4.0,2125.72,531.43,0.018784223698323395,1.0000000000000002,9.982
lamb karahi,tomato,455.0,4.0,2125.72,531.43,0.21404512353461416,1.0000000000000002,113.75
lamb karahi,salt,10.99,4.0,2125.72,531.43,0.0051700129838360654,1.0000000000000002,2.748
lamb karahi,chili flakes,5.32,4.0,2125.72,531.43,0.0025026814444047197,1.0000000000000002,1.33
lamb karahi,boiling water,990.0,4.0,2125.72,531.43,0.4657245545038858,1.0000000000000002,247.5
lamb karahi,fresh ginger root,20.41,4.0,2125.72,531.43,0.009601452684266978,1.0000000000000002,5.102
lamb karahi,green chilies,30.17,4.0,2125.72,531.43,0.014192838191295187,1.0000000000000002,7.542
lamb karahi,coriander leaves,3.11,4.0,2125.72,531.43,0.0014630337015223078,1.0000000000000002,0.778
aloo paratha,flour,250.79,6.0,952.04,158.67333333333332,0.2634238057224486,1.0,41.798
aloo paratha,water,118.29,6.0,952.04,158.67333333333332,0.12424898113524643,1.0,19.715
aloo paratha,salt,0.28,6.0,952.04,158.67333333333332,0.0002941052896937104,1.0,0.047
aloo paratha,oil,13.61,6.0,952.04,158.67333333333332,0.014295617831183563,1.0,2.268
aloo paratha,potato,426.0,6.0,952.04,158.67333333333332,0.4474601907482879,1.0,71.0
aloo paratha,salt,1.37,6.0,952.04,158.67333333333332,0.00143901516742994,1.0,0.228
aloo paratha,mustard seed,1.06,6.0,952.04,158.67333333333332,0.0011133985966976178,1.0,0.177
aloo paratha,onion,70.0,6.0,952.04,158.67333333333332,0.07352632242342759,1.0,11.667
aloo paratha,turmeric powder,2.02,6.0,952.04,158.67333333333332,0.002121759589933196,1.0,0.337
aloo paratha,green chili pepper,8.0,6.0,952.04,158.67333333333332,0.008403008276963154,1.0,1.333
aloo paratha,cilantro,2.07,6.0,952.04,158.67333333333332,0.002174278391664216,1.0,0.345
aloo paratha,flour,31.34,6.0,952.04,158.67333333333332,0.03291878492500315,1.0,5.223
aloo paratha,oil,27.21,6.0,952.04,158.67333333333332,0.028580731902020925,1.0,4.535
rasmalai,whole milk,520.0,4.0,4480.21,1120.0525,0.1160659879782421,1.0,130.0
rasmalai,sugar,100.0,4.0,4480.21,1120.0525,0.022320382303508093,1.0,25.0
rasmalai,green cardamoms,0.6,4.0,4480.21,1120.0525,0.00013392229382104857,1.0,0.15
rasmalai,pistachios,25.0,4.0,4480.21,1120.0525,0.005580095575877023,1.0,6.25
rasmalai,saffron,0.2,4.0,4480.21,1120.0525,4.464076460701619e-05,1.0,0.05
rasmalai,milk,15.6,4.0,4480.21,1120.0525,0.0034819796393472627,1.0,3.9
rasmalai,milk,2080.0,4.0,4480.21,1120.0525,0.4642639519129684,1.0,520.0
rasmalai,lime juice,15.38,4.0,4480.21,1120.0525,0.003432874798279545,1.0,3.845
rasmalai,water,800.0,4.0,4480.21,1120.0525,0.17856305842806475,1.0,200.0
rasmalai,sugar,900.0,4.0,4480.21,1120.0525,0.20088344073157285,1.0,225.0
rasmalai,flour,20.0,4.0,4480.21,1120.0525,0.004464076460701619,1.0,5.0
rasmalai,baking powder,3.43,4.0,4480.21,1120.0525,0.0007655891130103277,1.0,0.858
vegetable pakora,green chili,4.0,2.0,932.9499999999999,466.47499999999997,0.004287475213033925,1.0,2.0
vegetable pakora,cilantro,1.04,2.0,932.9499999999999,466.47499999999997,0.0011147435553888205,1.0,0.52
vegetable pakora,potato,170.0,2.0,932.9499999999999,466.47499999999997,0.18221769655394182,1.0,85.0
vegetable pakora,cauliflower,265.0,2.0,932.9499999999999,466.47499999999997,0.28404523286349753,1.0,132.5
vegetable pakora,spinach leaves,28.39,2.0,932.9499999999999,466.47499999999997,0.030430355324508284,1.0,14.195
vegetable pakora,onion,216.48,2.0,932.9499999999999,466.47499999999997,0.23203815852939602,1.0,108.24
vegetable pakora,chickpea flour,92.27,2.0,932.9499999999999,466.47499999999997,0.09890133447666007,1.0,46.135
vegetable pakora,oil,27.21,2.0,932.9499999999999,466.47499999999997,0.029165550136663276,1.0,13.605
vegetable pakora,ground cumin,2.07,2.0,932.9499999999999,466.47499999999997,0.002218768422745056,1.0,1.035
vegetable pakora,salt,8.2,2.0,932.9499999999999,466.47499999999997,0.008789324186719545,1.0,4.1
vegetable pakora,water,118.29,2.0,932.9499999999999,466.47499999999997,0.12679136073744576,1.0,59.145
hara bhara kebabs,channa dal,25.44,2.0,171.81,85.905,0.14807054304173214,1.0,12.72
hara bhara kebabs,fresh ginger root,2.0,2.0,171.81,85.905,0.011640765962400325,1.0,1.0
hara bhara kebabs,garlic clove,2.0,2.0,171.81,85.905,0.011640765962400325,1.0,1.0
hara bhara kebabs,green chilies,8.0,2.0,171.81,85.905,0.0465630638496013,1.0,4.0
hara bhara kebabs,spinach,15.38,2.0,171.81,85.905,0.0895174902508585,1.0,7.69
hara bhara kebabs,green peas,36.08,2.0,171.81,85.905,0.20999941796170188,1.0,18.04
hara bhara kebabs,low-fat panir,52.63,2.0,171.81,85.905,0.3063267563005646,1.0,26.315
hara bhara kebabs,chat masala,1.28,2.0,171.81,85.905,0.0074500902159362085,1.0,0.64
hara bhara kebabs,garam masala powder,0.65,2.0,171.81,85.905,0.003783248937780106,1.0,0.325
hara bhara kebabs,salt,3.46,2.0,171.81,85.905,0.020138525114952562,1.0,1.73
hara bhara kebabs,bread crumb,20.41,2.0,171.81,85.905,0.11879401664629533,1.0,10.205
hara bhara kebabs,olive oil,4.48,2.0,171.81,85.905,0.02607531575577673,1.0,2.24
shahi paneer korma,paneer cheese,200.0,4.0,811.4,202.85,0.2464875523786049,1.0,50.0
shahi paneer korma,cumin powder,2.02,4.0,811.4,202.85,0.0024895242790239093,1.0,0.505
shahi paneer korma,onion,110.0,4.0,811.4,202.85,0.1355681538082327,1.0,27.5
shahi paneer korma,ginger root paste,6.64,4.0,811.4,202.85,0.008183386738969681,1.0,1.66
shahi paneer korma,garlic paste,4.67,4.0,811.4,202.85,0.005755484348040424,1.0,1.168
shahi paneer korma,garam masala powder,5.2,4.0,811.4,202.85,0.006408676361843727,1.0,1.3
shahi paneer korma,turmeric powder,2.02,4.0,811.4,202.85,0.0024895242790239093,1.0,0.505
shahi paneer korma,coriander powder,2.02,4.0,811.4,202.85,0.0024895242790239093,1.0,0.505
shahi paneer korma,red chili powder,2.8,4.0,811.4,202.85,0.0034508257333004683,1.0,0.7
shahi paneer korma,white pepper powder,1.01,4.0,811.4,202.85,0.0012447621395119547,1.0,0.252
shahi paneer korma,tomato paste,226.79,4.0,811.4,202.85,0.279504560019719,1.0,56.698
shahi paneer korma,water,118.29,4.0,811.4,202.85,0.14578506285432588,1.0,29.573
shahi paneer korma,milk,123.02,4.0,811.4,202.85,0.15161449346807987,1.0,30.755
shahi paneer korma,salt,6.92,4.0,811.4,202.85,0.00852846931229973,1.0,1.73
yellow dal fry,split red lentils,89.9,8.0,52522.73,6565.34125,0.0017116398938135926,1.0,11.238
yellow dal fry,toor dal,95.81,8.0,52522.73,6565.34125,0.0018241626054091248,1.0,11.976
yellow dal fry,mung dal,113.56,8.0,52522.73,6565.34125,0.0021621115277138106,1.0,14.195
yellow dal fry,channa dal,101.73,8.0,52522.73,6565.34125,0.0019368757107637016,1.0,12.716
yellow dal fry,water,946.36,8.0,52522.73,6565.34125,0.01801810378097254,1.0,118.295
yellow dal fry,oil,27.21,8.0,52522.73,6565.34125,0.0005180614183611553,1.0,3.401
yellow dal fry,cumin seed,1.03,8.0,52522.73,6565.34125,1.961055718162403e-05,1.0,0.129
yellow dal fry,asafoetida powder,0.78,8.0,52522.73,6565.34125,1.4850713205501695e-05,1.0,0.098
yellow dal fry,onion,70.0,8.0,52522.73,6565.34125,0.0013327563133142546,1.0,8.75
yellow dal fry,garlic clove,5.0,8.0,52522.73,6565.34125,9.519687952244675e-05,1.0,0.625
yellow dal fry,jalapeno,14.0,8.0,52522.73,6565.34125,0.0002665512626628509,1.0,1.75
yellow dal fry,ginger root,4.53,8.0,52522.73,6565.34125,8.624837284733676e-05,1.0,0.566
yellow dal fry,turmeric,1.53,8.0,52522.73,6565.34125,2.9130245133868706e-05,1.0,0.191
yellow dal fry,cayenne pepper,0.44,8.0,52522.73,6565.34125,8.377325397975313e-06,1.0,0.055
yellow dal fry,ground coriander,2.41,8.0,52522.73,6565.34125,4.588489592981934e-05,1.0,0.301
yellow dal fry,ground cumin,2.07,8.0,52522.73,6565.34125,3.941150812229295e-05,1.0,0.259
yellow dal fry,salt,5.46,8.0,52522.73,6565.34125,0.00010395499243851185,1.0,0.682
yellow dal fry,no-salt-added tomato sauce,51027.75,8.0,52522.73,6565.34125,0.9715365138103065,1.0,6378.469
yellow dal fry,fresh cilantro,3.11,8.0,52522.73,6565.34125,5.921245906296188e-05,1.0,0.389
yellow dal fry,lemon juice,10.05,8.0,52522.73,6565.34125,0.00019134572784011797,1.0,1.256
fish korma,ladyfingers,500.0,3.0,552.93,184.30999999999997,0.9042735970195143,1.0,166.667
fish korma,onion,18.04,3.0,552.93,184.30999999999997,0.032626191380464076,1.0,6.013
fish korma,ginger root paste,6.64,3.0,552.93,184.30999999999997,0.01200875336841915,1.0,2.213
fish korma,green chilies,8.0,3.0,552.93,184.30999999999997,0.014468377552312228,1.0,2.667
fish korma,oil,9.06,3.0,552.93,184.30999999999997,0.0163854375779936,1.0,3.02
fish korma,turmeric powder,2.0,3.0,552.93,184.30999999999997,0.003617094388078057,1.0,0.667
fish korma,salt,5.19,3.0,552.93,184.30999999999997,0.00938635993706256,1.0,1.73
fish korma,chili powder,2.0,3.0,552.93,184.30999999999997,0.003617094388078057,1.0,0.667
fish korma,amchoor powder,2.0,3.0,552.93,184.30999999999997,0.003617094388078057,1.0,0.667
coconut chicken curry,peanut oil,26.92,4.0,1515.12,378.78,0.017767569565446964,1.0,6.73
coconut chicken curry,chicken thigh fillets,700.0,4.0,1515.12,378.78,0.46200960979988387,1.0,175.0
coconut chicken curry,onion,70.0,4.0,1515.12,378.78,0.04620096097998839,1.0,17.5
coconut chicken curry,garlic clove,3.0,4.0,1515.12,378.78,0.0019800411848566453,1.0,0.75
coconut chicken curry,ginger root,4.53,4.0,1515.12,378.78,0.002989862189133534,1.0,1.132
coconut chicken curry,coriander,3.45,4.0,1515.12,378.78,0.002277047362585142,1.0,0.862
coconut chicken curry,cumin,4.14,4.0,1515.12,378.78,0.00273245683510217,1.0,1.035
coconut chicken curry,turmeric,3.05,4.0,1515.12,378.78,0.0020130418712709223,1.0,0.762
coconut chicken curry,chili powder,1.33,4.0,1515.12,378.78,0.0008778182586197794,1.0,0.332
coconut chicken curry,tomato,273.0,4.0,1515.12,378.78,0.1801837478219547,1.0,68.25
coconut chicken curry,coconut cream,300.47,4.0,1515.12,378.78,0.19831432493795875,1.0,75.118
coconut chicken curry,chicken stock,119.47,4.0,1515.12,378.78,0.07885184011827447,1.0,29.868
coconut chicken curry,cilantro,2.07,4.0,1515.12,378.78,0.001366228417551085,1.0,0.518
coconut chicken curry,brown sugar,3.69,4.0,1515.12,378.78,0.0024354506573736733,1.0,0.922
butter chicken,boneless skinless chicken breast,1133.98,4.0,2216.28,554.07,0.5116591766383308,0.9999999999999999,283.495
butter chicken,tandoori paste,63.89,4.0,2216.28,554.07,0.02882758496218889,0.9999999999999999,15.972
butter chicken,plain yogurt,425.24,4.0,2216.28,554.07,0.19187106322305844,0.9999999999999999,106.31
butter chicken,lemon juice,60.34,4.0,2216.28,554.07,0.027225801793997147,0.9999999999999999,15.085
butter chicken,campbell's tomato soup,76.9,4.0,2216.28,554.07,0.03469778186871695,0.9999999999999999,19.225
butter chicken,fresh ginger root,20.41,4.0,2216.28,554.07,0.009209125200786903,0.9999999999999999,5.102
butter chicken,creamo,283.49,4.0,2216.28,554.07,0.12791253812695147,0.9999999999999999,70.872
butter chicken,garam masala,2.41,4.0,2216.28,554.07,0.0010874077282653817,0.9999999999999999,0.602
butter chicken,salt,4.1,4.0,2216.28,554.07,0.001849946757629902,0.9999999999999999,1.025
butter chicken,sugar,1.05,4.0,2216.28,554.07,0.00047376685256375546,0.9999999999999999,0.262
butter chicken,red chili pepper flakes,2.41,4.0,2216.28,554.07,0.0010874077282653817,0.9999999999999999,0.602
butter chicken,cayenne pepper,0.44,4.0,2216.28,554.07,0.0001985308715505261,0.9999999999999999,0.11
butter chicken,dried coriander,6.06,4.0,2216.28,554.07,0.0027343115490822455,0.9999999999999999,1.515
butter chicken,lemon juice,20.1,4.0,2216.28,554.07,0.009069251177649033,0.9999999999999999,5.025
butter chicken,ground cumin,2.07,4.0,2216.28,554.07,0.0009339975093399749,0.9999999999999999,0.518
butter chicken,butter,113.39,4.0,2216.28,554.07,0.051162308011623074,0.9999999999999999,28.348
paratha,wheat flour,250.79,3.0,510.65999999999997,170.22,0.49110954451102495,1.0,83.597
paratha,salt,5.19,3.0,510.65999999999997,170.22,0.010163318058982495,1.0,1.73
paratha,oil,81.64,3.0,510.65999999999997,170.22,0.15987153879293464,1.0,27.213
paratha,water,173.04,3.0,510.65999999999997,170.22,0.33885559863705794,1.0,57.68
indian fish pakoras,fish,453.59,2.0,860.77,430.385,0.5269584209486855,1.0,226.795
indian fish pakoras,lemon juice,9.66,2.0,860.77,430.385,0.01122251007818581,1.0,4.83
indian fish pakoras,salt,3.46,2.0,860.77,430.385,0.004019656818894711,1.0,1.73
indian fish pakoras,garbanzo flour,90.49,2.0,860.77,430.385,0.10512680506987929,1.0,45.245
indian fish pakoras,cilantro leaves,2.07,2.0,860.77,430.385,0.0024048235881826735,1.0,1.035
indian fish pakoras,green chili,4.0,2.0,860.77,430.385,0.004647002102768452,1.0,2.0
indian fish pakoras,garlic,6.0,2.0,860.77,430.385,0.006970503154152677,1.0,3.0
indian fish pakoras,ginger root,4.53,2.0,860.77,430.385,0.005262729881385272,1.0,2.265
indian fish pakoras,red chili powder,4.21,2.0,860.77,430.385,0.004890969713163796,1.0,2.105
indian fish pakoras,turmeric,1.53,2.0,860.77,430.385,0.0017774783043089327,1.0,0.765
indian fish pakoras,cumin seed,2.07,2.0,860.77,430.385,0.0024048235881826735,1.0,1.035
indian fish pakoras,lemons,42.0,2.0,860.77,430.385,0.048793522079068744,1.0,21.0
indian fish pakoras,onion,69.46,2.0,860.77,430.385,0.08069519151457416,1.0,34.73
indian fish pakoras,chopped tomato,62.7,2.0,860.77,430.385,0.07284175796089548,1.0,31.35
indian fish pakoras,tamarind chutney,75.0,2.0,860.77,430.385,0.08713128942690847,1.0,37.5
indian fish pakoras,chutney,30.0,2.0,860.77,430.385,0.034852515770763384,1.0,15.0
shrimp,shrimp,453.59,2.0,466.38,233.19,0.9725760109781723,1.0,226.795
shrimp,garlic,2.8,2.0,466.38,233.19,0.006003687979758994,1.0,1.4
shrimp,salt,5.46,2.0,466.38,233.19,0.01170719156053004,1.0,2.73
shrimp,oil,4.53,2.0,466.38,233.19,0.00971310948153866,1.0,2.265
bhindi do piazza,fish,375.0,4.0,1199.94,299.985,0.31251562578128905,1.0,93.75
bhindi do piazza,low-fat plain yogurt,170.34,4.0,1199.94,299.985,0.14195709785489274,1.0,42.585
bhindi do piazza,sugar,2.09,4.0,1199.94,299.985,0.0017417537543543843,1.0,0.522
bhindi do piazza,salt,6.92,4.0,1199.94,299.985,0.005766955014417387,1.0,1.73
bhindi do piazza,ghee,38.6,4.0,1199.94,299.985,0.03216827508042069,1.0,9.65
bhindi do piazza,bay leaf,0.4,4.0,1199.94,299.985,0.000333350000833375,1.0,0.1
bhindi do piazza,clove,0.36,4.0,1199.94,299.985,0.0003000150007500375,1.0,0.09
bhindi do piazza,green cardamoms,0.4,4.0,1199.94,299.985,0.000333350000833375,1.0,0.1
bhindi do piazza,cinnamon stick,0.33,4.0,1199.94,299.985,0.0002750137506875344,1.0,0.082
bhindi do piazza,onion,450.0,4.0,1199.94,299.985,0.3750187509375469,1.0,112.5
bhindi do piazza,fresh ginger root,4.0,4.0,1199.94,299.985,0.00333350000833375,1.0,1.0
bhindi do piazza,dried red chilies,1.5,4.0,1199.94,299.985,0.0012500625031251563,1.0,0.375
bhindi do piazza,onion,150.0,4.0,1199.94,299.985,0.1250062503125156,1.0,37.5
fish curry,fish fillets,907.18,6.0,2187.1499999999996,364.5249999999999,0.41477722149829693,1.0,151.197
fish curry,garlic paste,28.1,6.0,2187.1499999999996,364.5249999999999,0.012847769928902913,1.0,4.683
fish curry,ginger root,4.0,6.0,2187.1499999999996,364.5249999999999,0.00182886404681892,1.0,0.667
fish curry,mustard seed,10.6,6.0,2187.1499999999996,364.5249999999999,0.004846489724070138,1.0,1.767
fish curry,bay leaf,0.8,6.0,2187.1499999999996,364.5249999999999,0.000365772809363784,1.0,0.133
fish curry,coriander powder,3.03,6.0,2187.1499999999996,364.5249999999999,0.0013853645154653317,1.0,0.505
fish curry,shallots,212.65,6.0,2187.1499999999996,364.5249999999999,0.09722698488901083,1.0,35.442
fish curry,red chilies,3.5,6.0,2187.1499999999996,364.5249999999999,0.001600256040966555,1.0,0.583
fish curry,cumin seed,6.21,6.0,2187.1499999999996,364.5249999999999,0.002839311432686373,1.0,1.035
fish curry,turmeric powder,6.06,6.0,2187.1499999999996,364.5249999999999,0.0027707290309306634,1.0,1.01
fish curry,salt,49.25,6.0,2187.1499999999996,364.5249999999999,0.02251788857645795,1.0,8.208
fish curry,tomato,246.0,6.0,2187.1499999999996,364.5249999999999,0.11247513887936357,1.0,41.0
fish curry,water,709.77,6.0,2187.1499999999996,364.5249999999999,0.32451820862766617,1.0,118.295
kheer,basmati rice,92.27,2.0,2837.35,1418.675,0.03251978078136289,1.0,46.135
kheer,water,473.18,2.0,2837.35,1418.675,0.1667682873103424,1.0,236.59
kheer,milk,1967.68,2.0,2837.35,1418.675,0.6934921669868012,1.0,983.84
kheer,green cardamom pods,1.0,2.0,2837.35,1418.675,0.0003524415387597582,1.0,0.5
kheer,sugar,251.37,2.0,2837.35,1418.675,0.08859322959804043,1.0,125.685
kheer,blanched slivered almond,35.48,2.0,2837.35,1418.675,0.012504625795196221,1.0,17.74
kheer,ground cardamom,1.01,2.0,2837.35,1418.675,0.0003559659541473558,1.0,0.505
kheer,ground nutmeg,0.57,2.0,2837.35,1418.675,0.00020089167709306217,1.0,0.285
kheer,rose water,14.79,2.0,2837.35,1418.675,0.005212610358256824,1.0,7.395
crispy chicken sliders,boneless skinless chicken breast,378.0,4.0,963.42,240.855,0.392352245126736,1.0,94.5
crispy chicken sliders,shortening,51.45,4.0,963.42,240.855,0.05340350003113907,1.0,12.862
crispy chicken sliders,panko breadcrumbs,113.56,4.0,963.42,240.855,0.11787174856241307,1.0,28.39
crispy chicken sliders,provolone cheese,84.0,4.0,963.42,240.855,0.08718938780594133,1.0,21.0
crispy chicken sliders,dinner roll,224.0,4.0,963.42,240.855,0.2325050341491769,1.0,56.0
crispy chicken sliders,seasoned salt,7.24,4.0,963.42,240.855,0.007514894853750182,1.0,1.81
crispy chicken sliders,onion powder,1.77,4.0,963.42,240.855,0.0018372049573394781,1.0,0.442
crispy chicken sliders,garlic powder,1.57,4.0,963.42,240.855,0.0016296111768491417,1.0,0.392
crispy chicken sliders,white pepper,0.59,4.0,963.42,240.855,0.0006124016524464927,1.0,0.148
crispy chicken sliders,egg,100.0,4.0,963.42,240.855,0.10379689024516826,1.0,25.0
crispy chicken sliders,Crystal hot sauce,1.24,4.0,963.42,240.855,0.0012870814390400864,1.0,0.31
spicy chicken bites,canola oil,330.04,6.0,1562.52,260.42,0.2112228963469268,1.0,55.007
spicy chicken bites,chicken tenders,453.59,6.0,1562.52,260.42,0.29029388423828173,1.0,75.598
spicy chicken bites,hot sauce,39.82,6.0,1562.52,260.42,0.025484473798735377,1.0,6.637
spicy chicken bites,pancake mix,432.96,6.0,1562.52,260.42,0.27709085323707855,1.0,72.16
spicy chicken bites,water,295.73,6.0,1562.52,260.42,0.18926477741084916,1.0,49.288
spicy chicken bites,salt,10.38,6.0,1562.52,260.42,0.0066431149681284085,1.0,1.73
chicken rice bowl,teriyaki marinade,127.75,4.0,1619.8,404.95,0.07886776145203112,1.0,31.938
chicken rice bowl,sugar,25.14,4.0,1619.8,404.95,0.015520434621558218,1.0,6.285
chicken rice bowl,boneless skinless chicken breast,680.38,4.0,1619.8,404.95,0.420039511050747,1.0,170.095
chicken rice bowl,cornstarch,5.32,4.0,1619.8,404.95,0.0032843560933448574,1.0,1.33
chicken rice bowl,vegetable oil,27.21,4.0,1619.8,404.95,0.01679837016915669,1.0,6.803
chicken rice bowl,cooked rice,474.0,4.0,1619.8,404.95,0.29262871959501174,1.0,118.5
chicken rice bowl,vegetables,280.0,4.0,1619.8,404.95,0.17286084701815038,1.0,70.0
spinach naan,corn kernel,255.52,6.0,1658.9299999999998,276.4883333333333,0.15402699330291214,1.0000000000000002,42.587
spinach naan,salt and pepper,0.5,6.0,1658.9299999999998,276.4883333333333,0.00030139909459711984,1.0000000000000002,0.083
spinach naan,boneless chicken thighs,560.0,6.0,1658.9299999999998,276.4883333333333,0.33756698594877427,1.0000000000000002,93.333
spinach naan,tandoori masala,6.28,6.0,1658.9299999999998,276.4883333333333,0.0037855726281398254,1.0000000000000002,1.047
spinach naan,mayonnaise,110.01,6.0,1658.9299999999998,276.4883333333333,0.06631382879325831,1.0000000000000002,18.335
spinach naan,A.1. Original Sauce,29.88,6.0,1658.9299999999998,276.4883333333333,0.018011609893123882,1.0000000000000002,4.98
spinach naan,green onion,15.0,6.0,1658.9299999999998,276.4883333333333,0.009041972837913595,1.0000000000000002,2.5
spinach naan,naan bread,540.0,6.0,1658.9299999999998,276.4883333333333,0.3255110221648895,1.0000000000000002,90.0
spinach naan,baby spinach leaves,141.74,6.0,1658.9299999999998,276.4883333333333,0.08544061533639154,1.0000000000000002,23.623
